_id,Ano,Mes,Moneda,Partida,Nombre Partida,Subtitulo,Nombre Subtitulo,Monto Ley Inicial,Monto Ley Vigente a MAYO
1,2021,Mayo,DOLARES,06,MINISTERIO DE RELACIONES EXTERIORES,08,OTROS INGRESOS CORRIENTES,4.714,4.774
2,2021,Mayo,DOLARES,06,MINISTERIO DE RELACIONES EXTERIORES,09,APORTE FISCAL,164.715,147.903
3,2021,Mayo,DOLARES,06,MINISTERIO DE RELACIONES EXTERIORES,10,VENTA DE ACTIVOS NO FINANCIEROS,160,160
4,2021,Mayo,DOLARES,06,MINISTERIO DE RELACIONES EXTERIORES,11,VENTA DE ACTIVOS FINANCIEROS,6.461,6.438
5,2021,Mayo,DOLARES,06,MINISTERIO DE RELACIONES EXTERIORES,12,RECUPERACIÓN DE PRÉSTAMOS,100,100
6,2021,Mayo,DOLARES,06,MINISTERIO DE RELACIONES EXTERIORES,15,SALDO INICIAL DE CAJA,0,17.643
7,2021,Mayo,DOLARES,06,MINISTERIO DE RELACIONES EXTERIORES,21,GASTOS EN PERSONAL,103.092,103.205
8,2021,Mayo,DOLARES,06,MINISTERIO DE RELACIONES EXTERIORES,22,BIENES Y SERVICIOS DE CONSUMO,38.499,39.146
9,2021,Mayo,DOLARES,06,MINISTERIO DE RELACIONES EXTERIORES,23,PRESTACIONES DE SEGURIDAD SOCIAL,1,1
10,2021,Mayo,DOLARES,06,MINISTERIO DE RELACIONES EXTERIORES,24,TRANSFERENCIAS CORRIENTES,30.923,30.923
11,2021,Mayo,DOLARES,06,MINISTERIO DE RELACIONES EXTERIORES,26,OTROS GASTOS CORRIENTES,1,1
12,2021,Mayo,DOLARES,06,MINISTERIO DE RELACIONES EXTERIORES,29,ADQUISICIÓN DE ACTIVOS NO FINANCIEROS,2.045,2.153
13,2021,Mayo,DOLARES,06,MINISTERIO DE RELACIONES EXTERIORES,31,INICIATIVAS DE INVERSIÓN,1.000,1.000
14,2021,Mayo,DOLARES,06,MINISTERIO DE RELACIONES EXTERIORES,32,PRÉSTAMOS,100,100
15,2021,Mayo,DOLARES,06,MINISTERIO DE RELACIONES EXTERIORES,33,TRANSFERENCIAS DE CAPITAL,192,192
16,2021,Mayo,DOLARES,06,MINISTERIO DE RELACIONES EXTERIORES,34,SERVICIO DE LA DEUDA,297,297
17,2021,Mayo,DOLARES,11,MINISTERIO DE DEFENSA NACIONAL,08,OTROS INGRESOS CORRIENTES,6.899,6.899
18,2021,Mayo,DOLARES,11,MINISTERIO DE DEFENSA NACIONAL,09,APORTE FISCAL,115.158,115.158
19,2021,Mayo,DOLARES,11,MINISTERIO DE DEFENSA NACIONAL,11,VENTA DE ACTIVOS FINANCIEROS,0,28.333
20,2021,Mayo,DOLARES,11,MINISTERIO DE DEFENSA NACIONAL,12,RECUPERACIÓN DE PRÉSTAMOS,2.775,2.775
21,2021,Mayo,DOLARES,11,MINISTERIO DE DEFENSA NACIONAL,15,SALDO INICIAL DE CAJA,20,147
22,2021,Mayo,DOLARES,11,MINISTERIO DE DEFENSA NACIONAL,21,GASTOS EN PERSONAL,38.091,39.824
23,2021,Mayo,DOLARES,11,MINISTERIO DE DEFENSA NACIONAL,22,BIENES Y SERVICIOS DE CONSUMO,79.167,88.563
24,2021,Mayo,DOLARES,11,MINISTERIO DE DEFENSA NACIONAL,23,PRESTACIONES DE SEGURIDAD SOCIAL,7,7
25,2021,Mayo,DOLARES,11,MINISTERIO DE DEFENSA NACIONAL,24,TRANSFERENCIAS CORRIENTES,3.238,20.442
26,2021,Mayo,DOLARES,11,MINISTERIO DE DEFENSA NACIONAL,29,ADQUISICIÓN DE ACTIVOS NO FINANCIEROS,1.554,1.554
27,2021,Mayo,DOLARES,11,MINISTERIO DE DEFENSA NACIONAL,32,PRÉSTAMOS,2.775,2.775
28,2021,Mayo,DOLARES,11,MINISTERIO DE DEFENSA NACIONAL,34,SERVICIO DE LA DEUDA,20,147
29,2021,Mayo,DOLARES,50,TESORO PÚBLICO,01,IMPUESTOS,43.800,43.800
30,2021,Mayo,DOLARES,50,TESORO PÚBLICO,06,RENTAS DE LA PROPIEDAD,1.974.380,1.974.380
31,2021,Mayo,DOLARES,50,TESORO PÚBLICO,07,INGRESOS DE OPERACIÓN,4.770,4.770
32,2021,Mayo,DOLARES,50,TESORO PÚBLICO,08,OTROS INGRESOS CORRIENTES,13.311,13.251
33,2021,Mayo,DOLARES,50,TESORO PÚBLICO,11,VENTA DE ACTIVOS FINANCIEROS,11.178.682,11.161.930
34,2021,Mayo,DOLARES,50,TESORO PÚBLICO,14,ENDEUDAMIENTO,176.621,176.621
35,2021,Mayo,DOLARES,50,TESORO PÚBLICO,15,SALDO INICIAL DE CAJA,2.000,2.000
36,2021,Mayo,DOLARES,50,TESORO PÚBLICO,22,BIENES Y SERVICIOS DE CONSUMO,15.009,15.009
37,2021,Mayo,DOLARES,50,TESORO PÚBLICO,24,TRANSFERENCIAS CORRIENTES,3.574,3.574
38,2021,Mayo,DOLARES,50,TESORO PÚBLICO,26,OTROS GASTOS CORRIENTES,10,10
39,2021,Mayo,DOLARES,50,TESORO PÚBLICO,27,APORTE FISCAL LIBRE,279.873,263.061
40,2021,Mayo,DOLARES,50,TESORO PÚBLICO,30,ADQUISICIÓN DE ACTIVOS FINANCIEROS,12.095.378,12.095.378
41,2021,Mayo,DOLARES,50,TESORO PÚBLICO,34,SERVICIO DE LA DEUDA,997.720,997.720
42,2021,Mayo,DOLARES,50,TESORO PÚBLICO,35,SALDO FINAL DE CAJA,2.000,2.000
43,2021,Mayo,PESOS,01,PRESIDENCIA DE LA REPÚBLICA,08,OTROS INGRESOS CORRIENTES,277.097,277.097
44,2021,Mayo,PESOS,01,PRESIDENCIA DE LA REPÚBLICA,09,APORTE FISCAL,16.881.364,16.127.624
45,2021,Mayo,PESOS,01,PRESIDENCIA DE LA REPÚBLICA,12,RECUPERACIÓN DE PRÉSTAMOS,0,457.626
46,2021,Mayo,PESOS,01,PRESIDENCIA DE LA REPÚBLICA,15,SALDO INICIAL DE CAJA,1.010,985.832
47,2021,Mayo,PESOS,01,PRESIDENCIA DE LA REPÚBLICA,21,GASTOS EN PERSONAL,8.093.032,8.093.032
48,2021,Mayo,PESOS,01,PRESIDENCIA DE LA REPÚBLICA,22,BIENES Y SERVICIOS DE CONSUMO,5.554.115,5.533.675
49,2021,Mayo,PESOS,01,PRESIDENCIA DE LA REPÚBLICA,24,TRANSFERENCIAS CORRIENTES,3.260.276,3.260.276
50,2021,Mayo,PESOS,01,PRESIDENCIA DE LA REPÚBLICA,29,ADQUISICIÓN DE ACTIVOS NO FINANCIEROS,251.038,271.478
51,2021,Mayo,PESOS,01,PRESIDENCIA DE LA REPÚBLICA,34,SERVICIO DE LA DEUDA,10,688.718
52,2021,Mayo,PESOS,01,PRESIDENCIA DE LA REPÚBLICA,35,SALDO FINAL DE CAJA,1.000,1.000
53,2021,Mayo,PESOS,02,CONGRESO NACIONAL,07,INGRESOS DE OPERACIÓN,5.579,5.579
54,2021,Mayo,PESOS,02,CONGRESO NACIONAL,08,OTROS INGRESOS CORRIENTES,727.959,1.092.118
55,2021,Mayo,PESOS,02,CONGRESO NACIONAL,09,APORTE FISCAL,129.473.350,126.901.865
56,2021,Mayo,PESOS,02,CONGRESO NACIONAL,12,RECUPERACIÓN DE PRÉSTAMOS,122,122
57,2021,Mayo,PESOS,02,CONGRESO NACIONAL,15,SALDO INICIAL DE CAJA,40,3.952.022
58,2021,Mayo,PESOS,02,CONGRESO NACIONAL,21,GASTOS EN PERSONAL,72.031.688,71.263.065
59,2021,Mayo,PESOS,02,CONGRESO NACIONAL,22,BIENES Y SERVICIOS DE CONSUMO,12.697.510,13.187.510
60,2021,Mayo,PESOS,02,CONGRESO NACIONAL,23,PRESTACIONES DE SEGURIDAD SOCIAL,683.305,2.338.384
61,2021,Mayo,PESOS,02,CONGRESO NACIONAL,24,TRANSFERENCIAS CORRIENTES,43.033.869,43.033.869
62,2021,Mayo,PESOS,02,CONGRESO NACIONAL,29,ADQUISICIÓN DE ACTIVOS NO FINANCIEROS,1.563.875,1.566.275
63,2021,Mayo,PESOS,02,CONGRESO NACIONAL,34,SERVICIO DE LA DEUDA,196.803,562.603
64,2021,Mayo,PESOS,03,PODER JUDICIAL,06,RENTAS DE LA PROPIEDAD,117.668,117.668
65,2021,Mayo,PESOS,03,PODER JUDICIAL,07,INGRESOS DE OPERACIÓN,122.797,122.797
66,2021,Mayo,PESOS,03,PODER JUDICIAL,08,OTROS INGRESOS CORRIENTES,12.084.078,12.084.078
67,2021,Mayo,PESOS,03,PODER JUDICIAL,09,APORTE FISCAL,556.506.383,556.506.383
68,2021,Mayo,PESOS,03,PODER JUDICIAL,12,RECUPERACIÓN DE PRÉSTAMOS,255.070,255.070
69,2021,Mayo,PESOS,03,PODER JUDICIAL,15,SALDO INICIAL DE CAJA,20,3.400.189
70,2021,Mayo,PESOS,03,PODER JUDICIAL,21,GASTOS EN PERSONAL,434.638.684,434.638.684
71,2021,Mayo,PESOS,03,PODER JUDICIAL,22,BIENES Y SERVICIOS DE CONSUMO,76.456.143,76.456.143
72,2021,Mayo,PESOS,03,PODER JUDICIAL,23,PRESTACIONES DE SEGURIDAD SOCIAL,4.212.312,4.212.312
73,2021,Mayo,PESOS,03,PODER JUDICIAL,24,TRANSFERENCIAS CORRIENTES,8.398.691,8.398.691
74,2021,Mayo,PESOS,03,PODER JUDICIAL,29,ADQUISICIÓN DE ACTIVOS NO FINANCIEROS,4.247.870,4.247.870
75,2021,Mayo,PESOS,03,PODER JUDICIAL,31,INICIATIVAS DE INVERSIÓN,40.877.226,40.877.226
76,2021,Mayo,PESOS,03,PODER JUDICIAL,32,PRÉSTAMOS,255.070,255.070
77,2021,Mayo,PESOS,03,PODER JUDICIAL,34,SERVICIO DE LA DEUDA,20,3.400.189
78,2021,Mayo,PESOS,04,CONTRALORÍA GENERAL DE LA REPÚBLICA,08,OTROS INGRESOS CORRIENTES,1.322.593,1.322.593
79,2021,Mayo,PESOS,04,CONTRALORÍA GENERAL DE LA REPÚBLICA,09,APORTE FISCAL,81.375.689,81.339.751
80,2021,Mayo,PESOS,04,CONTRALORÍA GENERAL DE LA REPÚBLICA,10,VENTA DE ACTIVOS NO FINANCIEROS,11.588,11.588
81,2021,Mayo,PESOS,04,CONTRALORÍA GENERAL DE LA REPÚBLICA,12,RECUPERACIÓN DE PRÉSTAMOS,154.044,154.044
82,2021,Mayo,PESOS,04,CONTRALORÍA GENERAL DE LA REPÚBLICA,15,SALDO INICIAL DE CAJA,10,4.307.965
83,2021,Mayo,PESOS,04,CONTRALORÍA GENERAL DE LA REPÚBLICA,21,GASTOS EN PERSONAL,66.711.795,66.717.215
84,2021,Mayo,PESOS,04,CONTRALORÍA GENERAL DE LA REPÚBLICA,22,BIENES Y SERVICIOS DE CONSUMO,10.389.315,10.389.315
85,2021,Mayo,PESOS,04,CONTRALORÍA GENERAL DE LA REPÚBLICA,24,TRANSFERENCIAS CORRIENTES,239.814,239.814
86,2021,Mayo,PESOS,04,CONTRALORÍA GENERAL DE LA REPÚBLICA,25,INTEGROS AL FISCO,3.252,3.252
87,2021,Mayo,PESOS,04,CONTRALORÍA GENERAL DE LA REPÚBLICA,29,ADQUISICIÓN DE ACTIVOS NO FINANCIEROS,1.547.043,1.648.896
88,2021,Mayo,PESOS,04,CONTRALORÍA GENERAL DE LA REPÚBLICA,31,INICIATIVAS DE INVERSIÓN,2.944.545,2.944.545
89,2021,Mayo,PESOS,04,CONTRALORÍA GENERAL DE LA REPÚBLICA,34,SERVICIO DE LA DEUDA,1.028.160,5.192.904
90,2021,Mayo,PESOS,05,MINISTERIO DEL INTERIOR Y SEGURIDAD PÚBLICA,05,TRANSFERENCIAS CORRIENTES,172.261.429,176.527.161
91,2021,Mayo,PESOS,05,MINISTERIO DEL INTERIOR Y SEGURIDAD PÚBLICA,06,RENTAS DE LA PROPIEDAD,586.033,587.045
92,2021,Mayo,PESOS,05,MINISTERIO DEL INTERIOR Y SEGURIDAD PÚBLICA,07,INGRESOS DE OPERACIÓN,26.678.339,26.678.339
93,2021,Mayo,PESOS,05,MINISTERIO DEL INTERIOR Y SEGURIDAD PÚBLICA,08,OTROS INGRESOS CORRIENTES,12.290.814,12.329.736
94,2021,Mayo,PESOS,05,MINISTERIO DEL INTERIOR Y SEGURIDAD PÚBLICA,09,APORTE FISCAL,2.404.284.103,2.360.679.342
95,2021,Mayo,PESOS,05,MINISTERIO DEL INTERIOR Y SEGURIDAD PÚBLICA,10,VENTA DE ACTIVOS NO FINANCIEROS,816.648,816.648
96,2021,Mayo,PESOS,05,MINISTERIO DEL INTERIOR Y SEGURIDAD PÚBLICA,12,RECUPERACIÓN DE PRÉSTAMOS,2.714.438,7.416.205
97,2021,Mayo,PESOS,05,MINISTERIO DEL INTERIOR Y SEGURIDAD PÚBLICA,13,TRANSFERENCIAS PARA GASTOS DE CAPITAL,1.113.836.880,1.020.787.375
98,2021,Mayo,PESOS,05,MINISTERIO DEL INTERIOR Y SEGURIDAD PÚBLICA,14,ENDEUDAMIENTO,11.669.137,11.669.137
99,2021,Mayo,PESOS,05,MINISTERIO DEL INTERIOR Y SEGURIDAD PÚBLICA,15,SALDO INICIAL DE CAJA,2.187.746,146.414.331
100,2021,Mayo,PESOS,05,MINISTERIO DEL INTERIOR Y SEGURIDAD PÚBLICA,21,GASTOS EN PERSONAL,1.439.199.493,1.440.225.419
101,2021,Mayo,PESOS,05,MINISTERIO DEL INTERIOR Y SEGURIDAD PÚBLICA,22,BIENES Y SERVICIOS DE CONSUMO,263.335.813,267.594.005
102,2021,Mayo,PESOS,05,MINISTERIO DEL INTERIOR Y SEGURIDAD PÚBLICA,23,PRESTACIONES DE SEGURIDAD SOCIAL,8.731.921,8.939.898
103,2021,Mayo,PESOS,05,MINISTERIO DEL INTERIOR Y SEGURIDAD PÚBLICA,24,TRANSFERENCIAS CORRIENTES,326.641.252,359.497.837
104,2021,Mayo,PESOS,05,MINISTERIO DEL INTERIOR Y SEGURIDAD PÚBLICA,25,INTEGROS AL FISCO,5.617.089,10.245.223
105,2021,Mayo,PESOS,05,MINISTERIO DEL INTERIOR Y SEGURIDAD PÚBLICA,26,OTROS GASTOS CORRIENTES,136.821,433.368
106,2021,Mayo,PESOS,05,MINISTERIO DEL INTERIOR Y SEGURIDAD PÚBLICA,29,ADQUISICIÓN DE ACTIVOS NO FINANCIEROS,22.356.401,92.051.862
107,2021,Mayo,PESOS,05,MINISTERIO DEL INTERIOR Y SEGURIDAD PÚBLICA,30,ADQUISICIÓN DE ACTIVOS FINANCIEROS,138.107.040,0
108,2021,Mayo,PESOS,05,MINISTERIO DEL INTERIOR Y SEGURIDAD PÚBLICA,31,INICIATIVAS DE INVERSIÓN,873.572.616,785.845.294
109,2021,Mayo,PESOS,05,MINISTERIO DEL INTERIOR Y SEGURIDAD PÚBLICA,32,PRÉSTAMOS,11.728.479,14.742.395
110,2021,Mayo,PESOS,05,MINISTERIO DEL INTERIOR Y SEGURIDAD PÚBLICA,33,TRANSFERENCIAS DE CAPITAL,637.496.452,704.561.443
111,2021,Mayo,PESOS,05,MINISTERIO DEL INTERIOR Y SEGURIDAD PÚBLICA,34,SERVICIO DE LA DEUDA,20.402.190,79.768.573
112,2021,Mayo,PESOS,05,MINISTERIO DEL INTERIOR Y SEGURIDAD PÚBLICA,35,SALDO FINAL DE CAJA,0,2
113,2021,Mayo,PESOS,06,MINISTERIO DE RELACIONES EXTERIORES,05,TRANSFERENCIAS CORRIENTES,10.372.001,10.372.001
114,2021,Mayo,PESOS,06,MINISTERIO DE RELACIONES EXTERIORES,07,INGRESOS DE OPERACIÓN,1.365.153,1.365.153
115,2021,Mayo,PESOS,06,MINISTERIO DE RELACIONES EXTERIORES,08,OTROS INGRESOS CORRIENTES,1.069.488,1.178.059
116,2021,Mayo,PESOS,06,MINISTERIO DE RELACIONES EXTERIORES,09,APORTE FISCAL,78.632.972,78.718.725
117,2021,Mayo,PESOS,06,MINISTERIO DE RELACIONES EXTERIORES,11,VENTA DE ACTIVOS FINANCIEROS,-4.947.189,-4.930.609
118,2021,Mayo,PESOS,06,MINISTERIO DE RELACIONES EXTERIORES,12,RECUPERACIÓN DE PRÉSTAMOS,0,64.268
119,2021,Mayo,PESOS,06,MINISTERIO DE RELACIONES EXTERIORES,15,SALDO INICIAL DE CAJA,1.101.354,4.418.724
120,2021,Mayo,PESOS,06,MINISTERIO DE RELACIONES EXTERIORES,21,GASTOS EN PERSONAL,53.625.611,53.547.438
121,2021,Mayo,PESOS,06,MINISTERIO DE RELACIONES EXTERIORES,22,BIENES Y SERVICIOS DE CONSUMO,7.764.064,7.764.064
122,2021,Mayo,PESOS,06,MINISTERIO DE RELACIONES EXTERIORES,23,PRESTACIONES DE SEGURIDAD SOCIAL,0,323.204
123,2021,Mayo,PESOS,06,MINISTERIO DE RELACIONES EXTERIORES,24,TRANSFERENCIAS CORRIENTES,21.837.721,21.837.723
124,2021,Mayo,PESOS,06,MINISTERIO DE RELACIONES EXTERIORES,25,INTEGROS AL FISCO,1.096.354,1.096.354
125,2021,Mayo,PESOS,06,MINISTERIO DE RELACIONES EXTERIORES,29,ADQUISICIÓN DE ACTIVOS NO FINANCIEROS,3.113.960,3.113.960
126,2021,Mayo,PESOS,06,MINISTERIO DE RELACIONES EXTERIORES,31,INICIATIVAS DE INVERSIÓN,112.475,112.475
127,2021,Mayo,PESOS,06,MINISTERIO DE RELACIONES EXTERIORES,34,SERVICIO DE LA DEUDA,43.594,3.391.103
128,2021,Mayo,PESOS,07,"MINISTERIO DE ECONOMÍA, FOMENTO Y TURISMO",05,TRANSFERENCIAS CORRIENTES,63.060.424,64.140.424
129,2021,Mayo,PESOS,07,"MINISTERIO DE ECONOMÍA, FOMENTO Y TURISMO",06,RENTAS DE LA PROPIEDAD,172.732.507,172.732.507
130,2021,Mayo,PESOS,07,"MINISTERIO DE ECONOMÍA, FOMENTO Y TURISMO",07,INGRESOS DE OPERACIÓN,7.746.634,7.746.634
131,2021,Mayo,PESOS,07,"MINISTERIO DE ECONOMÍA, FOMENTO Y TURISMO",08,OTROS INGRESOS CORRIENTES,21.189.570,21.273.129
132,2021,Mayo,PESOS,07,"MINISTERIO DE ECONOMÍA, FOMENTO Y TURISMO",09,APORTE FISCAL,262.443.286,354.269.353
133,2021,Mayo,PESOS,07,"MINISTERIO DE ECONOMÍA, FOMENTO Y TURISMO",10,VENTA DE ACTIVOS NO FINANCIEROS,8.631.087,8.631.087
134,2021,Mayo,PESOS,07,"MINISTERIO DE ECONOMÍA, FOMENTO Y TURISMO",11,VENTA DE ACTIVOS FINANCIEROS,400.079.685,810.534.600
135,2021,Mayo,PESOS,07,"MINISTERIO DE ECONOMÍA, FOMENTO Y TURISMO",12,RECUPERACIÓN DE PRÉSTAMOS,47.953.702,47.953.702
136,2021,Mayo,PESOS,07,"MINISTERIO DE ECONOMÍA, FOMENTO Y TURISMO",13,TRANSFERENCIAS PARA GASTOS DE CAPITAL,46.012.500,47.308.746
137,2021,Mayo,PESOS,07,"MINISTERIO DE ECONOMÍA, FOMENTO Y TURISMO",15,SALDO INICIAL DE CAJA,0,2.743.170
138,2021,Mayo,PESOS,07,"MINISTERIO DE ECONOMÍA, FOMENTO Y TURISMO",21,GASTOS EN PERSONAL,161.495.339,161.954.237
139,2021,Mayo,PESOS,07,"MINISTERIO DE ECONOMÍA, FOMENTO Y TURISMO",22,BIENES Y SERVICIOS DE CONSUMO,41.325.315,44.978.543
140,2021,Mayo,PESOS,07,"MINISTERIO DE ECONOMÍA, FOMENTO Y TURISMO",23,PRESTACIONES DE SEGURIDAD SOCIAL,422.539,460.504
141,2021,Mayo,PESOS,07,"MINISTERIO DE ECONOMÍA, FOMENTO Y TURISMO",24,TRANSFERENCIAS CORRIENTES,296.953.076,432.865.393
142,2021,Mayo,PESOS,07,"MINISTERIO DE ECONOMÍA, FOMENTO Y TURISMO",25,INTEGROS AL FISCO,27.143.098,437.726.717
143,2021,Mayo,PESOS,07,"MINISTERIO DE ECONOMÍA, FOMENTO Y TURISMO",26,OTROS GASTOS CORRIENTES,30,30
144,2021,Mayo,PESOS,07,"MINISTERIO DE ECONOMÍA, FOMENTO Y TURISMO",29,ADQUISICIÓN DE ACTIVOS NO FINANCIEROS,8.473.470,8.506.339
145,2021,Mayo,PESOS,07,"MINISTERIO DE ECONOMÍA, FOMENTO Y TURISMO",30,ADQUISICIÓN DE ACTIVOS FINANCIEROS,372.318.540,326.306.040
146,2021,Mayo,PESOS,07,"MINISTERIO DE ECONOMÍA, FOMENTO Y TURISMO",31,INICIATIVAS DE INVERSIÓN,1.048.457,2.344.703
147,2021,Mayo,PESOS,07,"MINISTERIO DE ECONOMÍA, FOMENTO Y TURISMO",32,PRÉSTAMOS,108.447.238,108.447.238
148,2021,Mayo,PESOS,07,"MINISTERIO DE ECONOMÍA, FOMENTO Y TURISMO",33,TRANSFERENCIAS DE CAPITAL,5.984.711,5.984.711
149,2021,Mayo,PESOS,07,"MINISTERIO DE ECONOMÍA, FOMENTO Y TURISMO",34,SERVICIO DE LA DEUDA,6.237.582,7.758.897
150,2021,Mayo,PESOS,08,MINISTERIO DE HACIENDA,06,RENTAS DE LA PROPIEDAD,218.653,219.015
151,2021,Mayo,PESOS,08,MINISTERIO DE HACIENDA,07,INGRESOS DE OPERACIÓN,816.019,1.768.119
152,2021,Mayo,PESOS,08,MINISTERIO DE HACIENDA,08,OTROS INGRESOS CORRIENTES,90.586.989,90.839.210
153,2021,Mayo,PESOS,08,MINISTERIO DE HACIENDA,09,APORTE FISCAL,420.495.827,425.512.590
154,2021,Mayo,PESOS,08,MINISTERIO DE HACIENDA,10,VENTA DE ACTIVOS NO FINANCIEROS,26.722,26.722
155,2021,Mayo,PESOS,08,MINISTERIO DE HACIENDA,12,RECUPERACIÓN DE PRÉSTAMOS,22.477,446.675
156,2021,Mayo,PESOS,08,MINISTERIO DE HACIENDA,13,TRANSFERENCIAS PARA GASTOS DE CAPITAL,0,5.906.444
157,2021,Mayo,PESOS,08,MINISTERIO DE HACIENDA,14,ENDEUDAMIENTO,3.734.372,3.475.643
158,2021,Mayo,PESOS,08,MINISTERIO DE HACIENDA,15,SALDO INICIAL DE CAJA,12.140,7.853.156
159,2021,Mayo,PESOS,08,MINISTERIO DE HACIENDA,21,GASTOS EN PERSONAL,353.801.433,353.425.057
160,2021,Mayo,PESOS,08,MINISTERIO DE HACIENDA,22,BIENES Y SERVICIOS DE CONSUMO,65.451.052,66.539.849
161,2021,Mayo,PESOS,08,MINISTERIO DE HACIENDA,23,PRESTACIONES DE SEGURIDAD SOCIAL,0,948.983
162,2021,Mayo,PESOS,08,MINISTERIO DE HACIENDA,24,TRANSFERENCIAS CORRIENTES,18.072.269,18.115.269
163,2021,Mayo,PESOS,08,MINISTERIO DE HACIENDA,25,INTEGROS AL FISCO,59.398.289,59.398.289
164,2021,Mayo,PESOS,08,MINISTERIO DE HACIENDA,29,ADQUISICIÓN DE ACTIVOS NO FINANCIEROS,15.693.123,15.785.317
165,2021,Mayo,PESOS,08,MINISTERIO DE HACIENDA,31,INICIATIVAS DE INVERSIÓN,669.234,6.575.678
166,2021,Mayo,PESOS,08,MINISTERIO DE HACIENDA,33,TRANSFERENCIAS DE CAPITAL,281.208,281.208
167,2021,Mayo,PESOS,08,MINISTERIO DE HACIENDA,34,SERVICIO DE LA DEUDA,2.546.591,14.977.924
168,2021,Mayo,PESOS,09,MINISTERIO DE EDUCACIÓN,05,TRANSFERENCIAS CORRIENTES,11.956.037,11.956.037
169,2021,Mayo,PESOS,09,MINISTERIO DE EDUCACIÓN,06,RENTAS DE LA PROPIEDAD,5.939,5.939
170,2021,Mayo,PESOS,09,MINISTERIO DE EDUCACIÓN,07,INGRESOS DE OPERACIÓN,3.618.505,3.618.505
171,2021,Mayo,PESOS,09,MINISTERIO DE EDUCACIÓN,08,OTROS INGRESOS CORRIENTES,51.856.601,51.856.601
172,2021,Mayo,PESOS,09,MINISTERIO DE EDUCACIÓN,09,APORTE FISCAL,11.572.638.491,11.630.084.811
173,2021,Mayo,PESOS,09,MINISTERIO DE EDUCACIÓN,10,VENTA DE ACTIVOS NO FINANCIEROS,24.194,24.194
174,2021,Mayo,PESOS,09,MINISTERIO DE EDUCACIÓN,12,RECUPERACIÓN DE PRÉSTAMOS,104.762.398,105.047.628
175,2021,Mayo,PESOS,09,MINISTERIO DE EDUCACIÓN,13,TRANSFERENCIAS PARA GASTOS DE CAPITAL,173.825.000,173.825.000
176,2021,Mayo,PESOS,09,MINISTERIO DE EDUCACIÓN,14,ENDEUDAMIENTO,7.657.000,7.657.000
177,2021,Mayo,PESOS,09,MINISTERIO DE EDUCACIÓN,15,SALDO INICIAL DE CAJA,39.070,28.747.586
178,2021,Mayo,PESOS,09,MINISTERIO DE EDUCACIÓN,21,GASTOS EN PERSONAL,822.357.729,827.399.904
179,2021,Mayo,PESOS,09,MINISTERIO DE EDUCACIÓN,22,BIENES Y SERVICIOS DE CONSUMO,132.288.660,147.702.282
180,2021,Mayo,PESOS,09,MINISTERIO DE EDUCACIÓN,23,PRESTACIONES DE SEGURIDAD SOCIAL,20.889.674,20.921.478
181,2021,Mayo,PESOS,09,MINISTERIO DE EDUCACIÓN,24,TRANSFERENCIAS CORRIENTES,9.681.025.277,9.710.970.370
182,2021,Mayo,PESOS,09,MINISTERIO DE EDUCACIÓN,25,INTEGROS AL FISCO,50.705,50.705
183,2021,Mayo,PESOS,09,MINISTERIO DE EDUCACIÓN,26,OTROS GASTOS CORRIENTES,137.747,137.747
184,2021,Mayo,PESOS,09,MINISTERIO DE EDUCACIÓN,29,ADQUISICIÓN DE ACTIVOS NO FINANCIEROS,13.606.339,18.353.873
185,2021,Mayo,PESOS,09,MINISTERIO DE EDUCACIÓN,30,ADQUISICIÓN DE ACTIVOS FINANCIEROS,681.640.478,507.815.478
186,2021,Mayo,PESOS,09,MINISTERIO DE EDUCACIÓN,31,INICIATIVAS DE INVERSIÓN,80.962.748,127.824.981
187,2021,Mayo,PESOS,09,MINISTERIO DE EDUCACIÓN,33,TRANSFERENCIAS DE CAPITAL,319.679.049,406.590.177
188,2021,Mayo,PESOS,09,MINISTERIO DE EDUCACIÓN,34,SERVICIO DE LA DEUDA,173.713.329,245.024.806
189,2021,Mayo,PESOS,09,MINISTERIO DE EDUCACIÓN,35,SALDO FINAL DE CAJA,31.500,31.500
190,2021,Mayo,PESOS,10,MINISTERIO DE JUSTICIA Y DERECHOS HUMANOS,05,TRANSFERENCIAS CORRIENTES,7.803.395,7.984.623
191,2021,Mayo,PESOS,10,MINISTERIO DE JUSTICIA Y DERECHOS HUMANOS,06,RENTAS DE LA PROPIEDAD,53.457,53.457
192,2021,Mayo,PESOS,10,MINISTERIO DE JUSTICIA Y DERECHOS HUMANOS,07,INGRESOS DE OPERACIÓN,161.858.440,161.858.430
193,2021,Mayo,PESOS,10,MINISTERIO DE JUSTICIA Y DERECHOS HUMANOS,08,OTROS INGRESOS CORRIENTES,4.798.568,4.897.634
194,2021,Mayo,PESOS,10,MINISTERIO DE JUSTICIA Y DERECHOS HUMANOS,09,APORTE FISCAL,1.192.129.620,1.209.385.028
195,2021,Mayo,PESOS,10,MINISTERIO DE JUSTICIA Y DERECHOS HUMANOS,10,VENTA DE ACTIVOS NO FINANCIEROS,108.143,108.153
196,2021,Mayo,PESOS,10,MINISTERIO DE JUSTICIA Y DERECHOS HUMANOS,12,RECUPERACIÓN DE PRÉSTAMOS,580,590
197,2021,Mayo,PESOS,10,MINISTERIO DE JUSTICIA Y DERECHOS HUMANOS,13,TRANSFERENCIAS PARA GASTOS DE CAPITAL,0,820.004
198,2021,Mayo,PESOS,10,MINISTERIO DE JUSTICIA Y DERECHOS HUMANOS,15,SALDO INICIAL DE CAJA,90,6.274
199,2021,Mayo,PESOS,10,MINISTERIO DE JUSTICIA Y DERECHOS HUMANOS,21,GASTOS EN PERSONAL,608.801.824,606.193.031
200,2021,Mayo,PESOS,10,MINISTERIO DE JUSTICIA Y DERECHOS HUMANOS,22,BIENES Y SERVICIOS DE CONSUMO,307.775.376,314.264.829
201,2021,Mayo,PESOS,10,MINISTERIO DE JUSTICIA Y DERECHOS HUMANOS,23,PRESTACIONES DE SEGURIDAD SOCIAL,409.000,8.995.287
202,2021,Mayo,PESOS,10,MINISTERIO DE JUSTICIA Y DERECHOS HUMANOS,24,TRANSFERENCIAS CORRIENTES,364.011.423,366.085.520
203,2021,Mayo,PESOS,10,MINISTERIO DE JUSTICIA Y DERECHOS HUMANOS,25,INTEGROS AL FISCO,7.940.302,7.681.510
204,2021,Mayo,PESOS,10,MINISTERIO DE JUSTICIA Y DERECHOS HUMANOS,29,ADQUISICIÓN DE ACTIVOS NO FINANCIEROS,2.547.057,3.662.800
205,2021,Mayo,PESOS,10,MINISTERIO DE JUSTICIA Y DERECHOS HUMANOS,31,INICIATIVAS DE INVERSIÓN,75.267.221,75.975.225
206,2021,Mayo,PESOS,10,MINISTERIO DE JUSTICIA Y DERECHOS HUMANOS,34,SERVICIO DE LA DEUDA,90,2.255.991
207,2021,Mayo,PESOS,11,MINISTERIO DE DEFENSA NACIONAL,05,TRANSFERENCIAS CORRIENTES,271.244,271.244
208,2021,Mayo,PESOS,11,MINISTERIO DE DEFENSA NACIONAL,06,RENTAS DE LA PROPIEDAD,10.711.796,10.711.796
209,2021,Mayo,PESOS,11,MINISTERIO DE DEFENSA NACIONAL,07,INGRESOS DE OPERACIÓN,469.350.629,465.862.173
210,2021,Mayo,PESOS,11,MINISTERIO DE DEFENSA NACIONAL,08,OTROS INGRESOS CORRIENTES,24.777.963,24.802.149
211,2021,Mayo,PESOS,11,MINISTERIO DE DEFENSA NACIONAL,09,APORTE FISCAL,1.172.020.927,1.194.769.007
212,2021,Mayo,PESOS,11,MINISTERIO DE DEFENSA NACIONAL,10,VENTA DE ACTIVOS NO FINANCIEROS,2.189.334,2.189.334
213,2021,Mayo,PESOS,11,MINISTERIO DE DEFENSA NACIONAL,11,VENTA DE ACTIVOS FINANCIEROS,0,-21.706.684
214,2021,Mayo,PESOS,11,MINISTERIO DE DEFENSA NACIONAL,12,RECUPERACIÓN DE PRÉSTAMOS,15.658.291,19.447.613
215,2021,Mayo,PESOS,11,MINISTERIO DE DEFENSA NACIONAL,15,SALDO INICIAL DE CAJA,5.628.116,21.849.696
216,2021,Mayo,PESOS,11,MINISTERIO DE DEFENSA NACIONAL,21,GASTOS EN PERSONAL,1.278.339.078,1.278.577.858
217,2021,Mayo,PESOS,11,MINISTERIO DE DEFENSA NACIONAL,22,BIENES Y SERVICIOS DE CONSUMO,267.158.009,270.696.045
218,2021,Mayo,PESOS,11,MINISTERIO DE DEFENSA NACIONAL,23,PRESTACIONES DE SEGURIDAD SOCIAL,785.775,999.705
219,2021,Mayo,PESOS,11,MINISTERIO DE DEFENSA NACIONAL,24,TRANSFERENCIAS CORRIENTES,15.825.087,15.859.717
220,2021,Mayo,PESOS,11,MINISTERIO DE DEFENSA NACIONAL,25,INTEGROS AL FISCO,12.725.278,12.739.881
221,2021,Mayo,PESOS,11,MINISTERIO DE DEFENSA NACIONAL,26,OTROS GASTOS CORRIENTES,56.052,56.052
222,2021,Mayo,PESOS,11,MINISTERIO DE DEFENSA NACIONAL,29,ADQUISICIÓN DE ACTIVOS NO FINANCIEROS,19.111.918,21.801.273
223,2021,Mayo,PESOS,11,MINISTERIO DE DEFENSA NACIONAL,30,ADQUISICIÓN DE ACTIVOS FINANCIEROS,36.473.875,36.473.875
224,2021,Mayo,PESOS,11,MINISTERIO DE DEFENSA NACIONAL,31,INICIATIVAS DE INVERSIÓN,5.434.492,5.434.492
225,2021,Mayo,PESOS,11,MINISTERIO DE DEFENSA NACIONAL,32,PRÉSTAMOS,1.333.502,2.583.502
226,2021,Mayo,PESOS,11,MINISTERIO DE DEFENSA NACIONAL,33,TRANSFERENCIAS DE CAPITAL,48.296.121,48.296.121
227,2021,Mayo,PESOS,11,MINISTERIO DE DEFENSA NACIONAL,34,SERVICIO DE LA DEUDA,15.069.113,24.677.807
228,2021,Mayo,PESOS,12,MINISTERIO DE OBRAS PÚBLICAS,05,TRANSFERENCIAS CORRIENTES,455.147,575.147
229,2021,Mayo,PESOS,12,MINISTERIO DE OBRAS PÚBLICAS,06,RENTAS DE LA PROPIEDAD,200.926,200.926
230,2021,Mayo,PESOS,12,MINISTERIO DE OBRAS PÚBLICAS,07,INGRESOS DE OPERACIÓN,27.906.771,27.853.444
231,2021,Mayo,PESOS,12,MINISTERIO DE OBRAS PÚBLICAS,08,OTROS INGRESOS CORRIENTES,14.700.070,14.700.070
232,2021,Mayo,PESOS,12,MINISTERIO DE OBRAS PÚBLICAS,09,APORTE FISCAL,2.055.722.670,2.194.955.904
233,2021,Mayo,PESOS,12,MINISTERIO DE OBRAS PÚBLICAS,12,RECUPERACIÓN DE PRÉSTAMOS,53.171,106.498
234,2021,Mayo,PESOS,12,MINISTERIO DE OBRAS PÚBLICAS,13,TRANSFERENCIAS PARA GASTOS DE CAPITAL,1.303.684.445,1.291.394.072
235,2021,Mayo,PESOS,12,MINISTERIO DE OBRAS PÚBLICAS,15,SALDO INICIAL DE CAJA,215.000,30.753.334
236,2021,Mayo,PESOS,12,MINISTERIO DE OBRAS PÚBLICAS,21,GASTOS EN PERSONAL,221.642.970,230.561.450
237,2021,Mayo,PESOS,12,MINISTERIO DE OBRAS PÚBLICAS,22,BIENES Y SERVICIOS DE CONSUMO,21.619.257,22.516.668
238,2021,Mayo,PESOS,12,MINISTERIO DE OBRAS PÚBLICAS,23,PRESTACIONES DE SEGURIDAD SOCIAL,778.022,778.022
239,2021,Mayo,PESOS,12,MINISTERIO DE OBRAS PÚBLICAS,24,TRANSFERENCIAS CORRIENTES,1.789.027,1.832.205
240,2021,Mayo,PESOS,12,MINISTERIO DE OBRAS PÚBLICAS,25,INTEGROS AL FISCO,10.225,2.350.225
241,2021,Mayo,PESOS,12,MINISTERIO DE OBRAS PÚBLICAS,26,OTROS GASTOS CORRIENTES,0,38.919
242,2021,Mayo,PESOS,12,MINISTERIO DE OBRAS PÚBLICAS,29,ADQUISICIÓN DE ACTIVOS NO FINANCIEROS,7.371.666,20.038.266
243,2021,Mayo,PESOS,12,MINISTERIO DE OBRAS PÚBLICAS,30,ADQUISICIÓN DE ACTIVOS FINANCIEROS,788.868.012,5.306.607
244,2021,Mayo,PESOS,12,MINISTERIO DE OBRAS PÚBLICAS,31,INICIATIVAS DE INVERSIÓN,1.966.413.591,2.715.128.035
245,2021,Mayo,PESOS,12,MINISTERIO DE OBRAS PÚBLICAS,33,TRANSFERENCIAS DE CAPITAL,393.501.528,393.501.528
246,2021,Mayo,PESOS,12,MINISTERIO DE OBRAS PÚBLICAS,34,SERVICIO DE LA DEUDA,728.902,168.272.471
247,2021,Mayo,PESOS,12,MINISTERIO DE OBRAS PÚBLICAS,35,SALDO FINAL DE CAJA,215.000,214.999
248,2021,Mayo,PESOS,13,MINISTERIO DE AGRICULTURA,05,TRANSFERENCIAS CORRIENTES,6.749.151,8.505.801
249,2021,Mayo,PESOS,13,MINISTERIO DE AGRICULTURA,06,RENTAS DE LA PROPIEDAD,1.806.088,1.806.088
250,2021,Mayo,PESOS,13,MINISTERIO DE AGRICULTURA,07,INGRESOS DE OPERACIÓN,46.038.509,46.038.509
251,2021,Mayo,PESOS,13,MINISTERIO DE AGRICULTURA,08,OTROS INGRESOS CORRIENTES,3.178.520,3.189.859
252,2021,Mayo,PESOS,13,MINISTERIO DE AGRICULTURA,09,APORTE FISCAL,539.048.387,573.774.638
253,2021,Mayo,PESOS,13,MINISTERIO DE AGRICULTURA,10,VENTA DE ACTIVOS NO FINANCIEROS,6.135,6.135
254,2021,Mayo,PESOS,13,MINISTERIO DE AGRICULTURA,12,RECUPERACIÓN DE PRÉSTAMOS,79.552.979,85.049.625
255,2021,Mayo,PESOS,13,MINISTERIO DE AGRICULTURA,13,TRANSFERENCIAS PARA GASTOS DE CAPITAL,79.999.437,86.901.647
256,2021,Mayo,PESOS,13,MINISTERIO DE AGRICULTURA,15,SALDO INICIAL DE CAJA,0,23.023.955
257,2021,Mayo,PESOS,13,MINISTERIO DE AGRICULTURA,21,GASTOS EN PERSONAL,215.709.768,224.665.756
258,2021,Mayo,PESOS,13,MINISTERIO DE AGRICULTURA,22,BIENES Y SERVICIOS DE CONSUMO,58.173.813,110.038.343
259,2021,Mayo,PESOS,13,MINISTERIO DE AGRICULTURA,23,PRESTACIONES DE SEGURIDAD SOCIAL,60,55.680
260,2021,Mayo,PESOS,13,MINISTERIO DE AGRICULTURA,24,TRANSFERENCIAS CORRIENTES,161.586.436,163.557.195
261,2021,Mayo,PESOS,13,MINISTERIO DE AGRICULTURA,25,INTEGROS AL FISCO,134.239,134.239
262,2021,Mayo,PESOS,13,MINISTERIO DE AGRICULTURA,26,OTROS GASTOS CORRIENTES,20,20
263,2021,Mayo,PESOS,13,MINISTERIO DE AGRICULTURA,29,ADQUISICIÓN DE ACTIVOS NO FINANCIEROS,3.492.707,3.942.519
264,2021,Mayo,PESOS,13,MINISTERIO DE AGRICULTURA,30,ADQUISICIÓN DE ACTIVOS FINANCIEROS,76.114.531,855.139
265,2021,Mayo,PESOS,13,MINISTERIO DE AGRICULTURA,31,INICIATIVAS DE INVERSIÓN,3.353.507,6.959.031
266,2021,Mayo,PESOS,13,MINISTERIO DE AGRICULTURA,32,PRÉSTAMOS,89.861.262,89.861.262
267,2021,Mayo,PESOS,13,MINISTERIO DE AGRICULTURA,33,TRANSFERENCIAS DE CAPITAL,147.952.763,201.372.155
268,2021,Mayo,PESOS,13,MINISTERIO DE AGRICULTURA,34,SERVICIO DE LA DEUDA,100,26.854.918
269,2021,Mayo,PESOS,14,MINISTERIO DE BIENES NACIONALES,05,TRANSFERENCIAS CORRIENTES,551.554,1.004.067
270,2021,Mayo,PESOS,14,MINISTERIO DE BIENES NACIONALES,06,RENTAS DE LA PROPIEDAD,25.014.269,25.014.269
271,2021,Mayo,PESOS,14,MINISTERIO DE BIENES NACIONALES,08,OTROS INGRESOS CORRIENTES,1.265.293,1.313.263
272,2021,Mayo,PESOS,14,MINISTERIO DE BIENES NACIONALES,09,APORTE FISCAL,9.420.135,9.121.621
273,2021,Mayo,PESOS,14,MINISTERIO DE BIENES NACIONALES,10,VENTA DE ACTIVOS NO FINANCIEROS,6.690.817,6.690.817
274,2021,Mayo,PESOS,14,MINISTERIO DE BIENES NACIONALES,12,RECUPERACIÓN DE PRÉSTAMOS,71.206,369.720
275,2021,Mayo,PESOS,14,MINISTERIO DE BIENES NACIONALES,13,TRANSFERENCIAS PARA GASTOS DE CAPITAL,0,1.700
276,2021,Mayo,PESOS,14,MINISTERIO DE BIENES NACIONALES,15,SALDO INICIAL DE CAJA,155.676,1.511.893
277,2021,Mayo,PESOS,14,MINISTERIO DE BIENES NACIONALES,21,GASTOS EN PERSONAL,18.476.365,18.566.310
278,2021,Mayo,PESOS,14,MINISTERIO DE BIENES NACIONALES,22,BIENES Y SERVICIOS DE CONSUMO,4.125.883,4.425.696
279,2021,Mayo,PESOS,14,MINISTERIO DE BIENES NACIONALES,23,PRESTACIONES DE SEGURIDAD SOCIAL,11,222.012
280,2021,Mayo,PESOS,14,MINISTERIO DE BIENES NACIONALES,24,TRANSFERENCIAS CORRIENTES,1.680.993,1.680.993
281,2021,Mayo,PESOS,14,MINISTERIO DE BIENES NACIONALES,25,INTEGROS AL FISCO,5.119.038,5.129.170
282,2021,Mayo,PESOS,14,MINISTERIO DE BIENES NACIONALES,26,OTROS GASTOS CORRIENTES,154.646,154.646
283,2021,Mayo,PESOS,14,MINISTERIO DE BIENES NACIONALES,29,ADQUISICIÓN DE ACTIVOS NO FINANCIEROS,231.135,249.935
284,2021,Mayo,PESOS,14,MINISTERIO DE BIENES NACIONALES,32,PRÉSTAMOS,71.206,71.206
285,2021,Mayo,PESOS,14,MINISTERIO DE BIENES NACIONALES,33,TRANSFERENCIAS DE CAPITAL,13.308.643,13.308.643
286,2021,Mayo,PESOS,14,MINISTERIO DE BIENES NACIONALES,34,SERVICIO DE LA DEUDA,1.030,1.218.738
287,2021,Mayo,PESOS,14,MINISTERIO DE BIENES NACIONALES,35,SALDO FINAL DE CAJA,0,1
288,2021,Mayo,PESOS,15,MINISTERIO DEL TRABAJO Y PREVISIÓN SOCIAL,04,IMPOSICIONES PREVISIONALES,514.371.541,514.371.541
289,2021,Mayo,PESOS,15,MINISTERIO DEL TRABAJO Y PREVISIÓN SOCIAL,05,TRANSFERENCIAS CORRIENTES,2.218.070.081,2.218.070.081
290,2021,Mayo,PESOS,15,MINISTERIO DEL TRABAJO Y PREVISIÓN SOCIAL,06,RENTAS DE LA PROPIEDAD,6.652.327,6.652.327
291,2021,Mayo,PESOS,15,MINISTERIO DEL TRABAJO Y PREVISIÓN SOCIAL,07,INGRESOS DE OPERACIÓN,3.340.831,3.340.831
292,2021,Mayo,PESOS,15,MINISTERIO DEL TRABAJO Y PREVISIÓN SOCIAL,08,OTROS INGRESOS CORRIENTES,50.719.393,50.803.900
293,2021,Mayo,PESOS,15,MINISTERIO DEL TRABAJO Y PREVISIÓN SOCIAL,09,APORTE FISCAL,5.860.058.687,6.182.140.202
294,2021,Mayo,PESOS,15,MINISTERIO DEL TRABAJO Y PREVISIÓN SOCIAL,10,VENTA DE ACTIVOS NO FINANCIEROS,30.429,30.429
295,2021,Mayo,PESOS,15,MINISTERIO DEL TRABAJO Y PREVISIÓN SOCIAL,11,VENTA DE ACTIVOS FINANCIEROS,78.584.882,78.584.882
296,2021,Mayo,PESOS,15,MINISTERIO DEL TRABAJO Y PREVISIÓN SOCIAL,12,RECUPERACIÓN DE PRÉSTAMOS,96.098.059,98.855.223
297,2021,Mayo,PESOS,15,MINISTERIO DEL TRABAJO Y PREVISIÓN SOCIAL,13,TRANSFERENCIAS PARA GASTOS DE CAPITAL,1.686.855.060,3.425.994.117
298,2021,Mayo,PESOS,15,MINISTERIO DEL TRABAJO Y PREVISIÓN SOCIAL,15,SALDO INICIAL DE CAJA,8.811.866,37.764.372
299,2021,Mayo,PESOS,15,MINISTERIO DEL TRABAJO Y PREVISIÓN SOCIAL,21,GASTOS EN PERSONAL,205.233.241,205.364.005
300,2021,Mayo,PESOS,15,MINISTERIO DEL TRABAJO Y PREVISIÓN SOCIAL,22,BIENES Y SERVICIOS DE CONSUMO,116.356.342,118.380.526
301,2021,Mayo,PESOS,15,MINISTERIO DEL TRABAJO Y PREVISIÓN SOCIAL,23,PRESTACIONES DE SEGURIDAD SOCIAL,6.828.403.161,6.832.070.252
302,2021,Mayo,PESOS,15,MINISTERIO DEL TRABAJO Y PREVISIÓN SOCIAL,24,TRANSFERENCIAS CORRIENTES,1.488.707.369,5.234.163.414
303,2021,Mayo,PESOS,15,MINISTERIO DEL TRABAJO Y PREVISIÓN SOCIAL,25,INTEGROS AL FISCO,154.046,154.046
304,2021,Mayo,PESOS,15,MINISTERIO DEL TRABAJO Y PREVISIÓN SOCIAL,26,OTROS GASTOS CORRIENTES,0,587.071
305,2021,Mayo,PESOS,15,MINISTERIO DEL TRABAJO Y PREVISIÓN SOCIAL,29,ADQUISICIÓN DE ACTIVOS NO FINANCIEROS,4.920.097,5.203.370
306,2021,Mayo,PESOS,15,MINISTERIO DEL TRABAJO Y PREVISIÓN SOCIAL,30,ADQUISICIÓN DE ACTIVOS FINANCIEROS,1.765.746.908,78.891.848
307,2021,Mayo,PESOS,15,MINISTERIO DEL TRABAJO Y PREVISIÓN SOCIAL,32,PRÉSTAMOS,104.345.352,104.326.352
308,2021,Mayo,PESOS,15,MINISTERIO DEL TRABAJO Y PREVISIÓN SOCIAL,34,SERVICIO DE LA DEUDA,1.206.313,28.946.694
309,2021,Mayo,PESOS,15,MINISTERIO DEL TRABAJO Y PREVISIÓN SOCIAL,35,SALDO FINAL DE CAJA,8.520.327,8.520.327
310,2021,Mayo,PESOS,16,MINISTERIO DE SALUD,04,IMPOSICIONES PREVISIONALES,1.893.550.917,1.893.550.917
311,2021,Mayo,PESOS,16,MINISTERIO DE SALUD,05,TRANSFERENCIAS CORRIENTES,235.165.743,239.465.743
312,2021,Mayo,PESOS,16,MINISTERIO DE SALUD,06,RENTAS DE LA PROPIEDAD,921.972,921.972
313,2021,Mayo,PESOS,16,MINISTERIO DE SALUD,07,INGRESOS DE OPERACIÓN,145.107.943,145.267.699
314,2021,Mayo,PESOS,16,MINISTERIO DE SALUD,08,OTROS INGRESOS CORRIENTES,83.834.522,84.473.902
315,2021,Mayo,PESOS,16,MINISTERIO DE SALUD,09,APORTE FISCAL,7.505.584.411,7.611.852.490
316,2021,Mayo,PESOS,16,MINISTERIO DE SALUD,12,RECUPERACIÓN DE PRÉSTAMOS,77.793.110,120.252.097
317,2021,Mayo,PESOS,16,MINISTERIO DE SALUD,13,TRANSFERENCIAS PARA GASTOS DE CAPITAL,11.149.832,333.605.532
318,2021,Mayo,PESOS,16,MINISTERIO DE SALUD,15,SALDO INICIAL DE CAJA,67.650,159.461.992
319,2021,Mayo,PESOS,16,MINISTERIO DE SALUD,21,GASTOS EN PERSONAL,3.670.847.758,3.678.439.916
320,2021,Mayo,PESOS,16,MINISTERIO DE SALUD,22,BIENES Y SERVICIOS DE CONSUMO,2.150.901.021,2.222.907.475
321,2021,Mayo,PESOS,16,MINISTERIO DE SALUD,23,PRESTACIONES DE SEGURIDAD SOCIAL,658.965.006,746.452.429
322,2021,Mayo,PESOS,16,MINISTERIO DE SALUD,24,TRANSFERENCIAS CORRIENTES,2.560.033.903,2.901.665.623
323,2021,Mayo,PESOS,16,MINISTERIO DE SALUD,25,INTEGROS AL FISCO,856.616,1.458.194
324,2021,Mayo,PESOS,16,MINISTERIO DE SALUD,26,OTROS GASTOS CORRIENTES,255.524,14.099.750
325,2021,Mayo,PESOS,16,MINISTERIO DE SALUD,29,ADQUISICIÓN DE ACTIVOS NO FINANCIEROS,54.574.953,56.269.752
326,2021,Mayo,PESOS,16,MINISTERIO DE SALUD,31,INICIATIVAS DE INVERSIÓN,654.779.916,654.779.916
327,2021,Mayo,PESOS,16,MINISTERIO DE SALUD,32,PRÉSTAMOS,71.136.228,71.136.228
328,2021,Mayo,PESOS,16,MINISTERIO DE SALUD,33,TRANSFERENCIAS DE CAPITAL,128.734.182,128.734.182
329,2021,Mayo,PESOS,16,MINISTERIO DE SALUD,34,SERVICIO DE LA DEUDA,2.081.373,112.899.259
330,2021,Mayo,PESOS,16,MINISTERIO DE SALUD,35,SALDO FINAL DE CAJA,9.620,9.620
331,2021,Mayo,PESOS,17,MINISTERIO DE MINERÍA,05,TRANSFERENCIAS CORRIENTES,102.250,102.250
332,2021,Mayo,PESOS,17,MINISTERIO DE MINERÍA,07,INGRESOS DE OPERACIÓN,15.338,15.338
333,2021,Mayo,PESOS,17,MINISTERIO DE MINERÍA,08,OTROS INGRESOS CORRIENTES,67.489,90.732
334,2021,Mayo,PESOS,17,MINISTERIO DE MINERÍA,09,APORTE FISCAL,47.901.760,48.336.232
335,2021,Mayo,PESOS,17,MINISTERIO DE MINERÍA,10,VENTA DE ACTIVOS NO FINANCIEROS,6.657,6.657
336,2021,Mayo,PESOS,17,MINISTERIO DE MINERÍA,12,RECUPERACIÓN DE PRÉSTAMOS,10,20
337,2021,Mayo,PESOS,17,MINISTERIO DE MINERÍA,15,SALDO INICIAL DE CAJA,70,1.481.510
338,2021,Mayo,PESOS,17,MINISTERIO DE MINERÍA,21,GASTOS EN PERSONAL,23.704.325,23.684.948
339,2021,Mayo,PESOS,17,MINISTERIO DE MINERÍA,22,BIENES Y SERVICIOS DE CONSUMO,6.261.305,6.261.305
340,2021,Mayo,PESOS,17,MINISTERIO DE MINERÍA,23,PRESTACIONES DE SEGURIDAD SOCIAL,10,109.655
341,2021,Mayo,PESOS,17,MINISTERIO DE MINERÍA,24,TRANSFERENCIAS CORRIENTES,17.149.517,17.149.517
342,2021,Mayo,PESOS,17,MINISTERIO DE MINERÍA,25,INTEGROS AL FISCO,24.834,24.834
343,2021,Mayo,PESOS,17,MINISTERIO DE MINERÍA,29,ADQUISICIÓN DE ACTIVOS NO FINANCIEROS,764.678,764.678
344,2021,Mayo,PESOS,17,MINISTERIO DE MINERÍA,33,TRANSFERENCIAS DE CAPITAL,188.835,188.835
345,2021,Mayo,PESOS,17,MINISTERIO DE MINERÍA,34,SERVICIO DE LA DEUDA,70,1.848.967
346,2021,Mayo,PESOS,18,MINISTERIO DE VIVIENDA Y URBANISMO,06,RENTAS DE LA PROPIEDAD,834.200,834.200
347,2021,Mayo,PESOS,18,MINISTERIO DE VIVIENDA Y URBANISMO,07,INGRESOS DE OPERACIÓN,1.381.799,1.381.799
348,2021,Mayo,PESOS,18,MINISTERIO DE VIVIENDA Y URBANISMO,08,OTROS INGRESOS CORRIENTES,5.127.256,5.369.054
349,2021,Mayo,PESOS,18,MINISTERIO DE VIVIENDA Y URBANISMO,09,APORTE FISCAL,2.836.812.340,2.819.048.549
350,2021,Mayo,PESOS,18,MINISTERIO DE VIVIENDA Y URBANISMO,12,RECUPERACIÓN DE PRÉSTAMOS,501.461.375,504.044.351
351,2021,Mayo,PESOS,18,MINISTERIO DE VIVIENDA Y URBANISMO,13,TRANSFERENCIAS PARA GASTOS DE CAPITAL,376.551.969,405.582.808
352,2021,Mayo,PESOS,18,MINISTERIO DE VIVIENDA Y URBANISMO,15,SALDO INICIAL DE CAJA,522.000,18.712.481
353,2021,Mayo,PESOS,18,MINISTERIO DE VIVIENDA Y URBANISMO,21,GASTOS EN PERSONAL,156.185.671,157.534.429
354,2021,Mayo,PESOS,18,MINISTERIO DE VIVIENDA Y URBANISMO,22,BIENES Y SERVICIOS DE CONSUMO,21.460.658,21.490.658
355,2021,Mayo,PESOS,18,MINISTERIO DE VIVIENDA Y URBANISMO,23,PRESTACIONES DE SEGURIDAD SOCIAL,10,730.070
356,2021,Mayo,PESOS,18,MINISTERIO DE VIVIENDA Y URBANISMO,24,TRANSFERENCIAS CORRIENTES,880.363,880.363
357,2021,Mayo,PESOS,18,MINISTERIO DE VIVIENDA Y URBANISMO,25,INTEGROS AL FISCO,14.363,14.363
358,2021,Mayo,PESOS,18,MINISTERIO DE VIVIENDA Y URBANISMO,26,OTROS GASTOS CORRIENTES,4.539.509,4.539.509
359,2021,Mayo,PESOS,18,MINISTERIO DE VIVIENDA Y URBANISMO,29,ADQUISICIÓN DE ACTIVOS NO FINANCIEROS,4.157.090,19.462.393
360,2021,Mayo,PESOS,18,MINISTERIO DE VIVIENDA Y URBANISMO,30,ADQUISICIÓN DE ACTIVOS FINANCIEROS,361.710.398,17.356.914
361,2021,Mayo,PESOS,18,MINISTERIO DE VIVIENDA Y URBANISMO,31,INICIATIVAS DE INVERSIÓN,469.564.689,608.005.946
362,2021,Mayo,PESOS,18,MINISTERIO DE VIVIENDA Y URBANISMO,32,PRÉSTAMOS,1.012.681.495,1.105.664.968
363,2021,Mayo,PESOS,18,MINISTERIO DE VIVIENDA Y URBANISMO,33,TRANSFERENCIAS DE CAPITAL,1.691.444.654,1.817.494.498
364,2021,Mayo,PESOS,18,MINISTERIO DE VIVIENDA Y URBANISMO,34,SERVICIO DE LA DEUDA,52.039,1.799.131
365,2021,Mayo,PESOS,19,MINISTERIO DE TRANSPORTES Y TELECOMUNICACIONES,07,INGRESOS DE OPERACIÓN,1.003.073,1.003.073
366,2021,Mayo,PESOS,19,MINISTERIO DE TRANSPORTES Y TELECOMUNICACIONES,08,OTROS INGRESOS CORRIENTES,924.341,941.246
367,2021,Mayo,PESOS,19,MINISTERIO DE TRANSPORTES Y TELECOMUNICACIONES,09,APORTE FISCAL,1.053.760.819,1.067.253.563
368,2021,Mayo,PESOS,19,MINISTERIO DE TRANSPORTES Y TELECOMUNICACIONES,13,TRANSFERENCIAS PARA GASTOS DE CAPITAL,18.076.772,18.076.772
369,2021,Mayo,PESOS,19,MINISTERIO DE TRANSPORTES Y TELECOMUNICACIONES,15,SALDO INICIAL DE CAJA,9.000,27.851.962
370,2021,Mayo,PESOS,19,MINISTERIO DE TRANSPORTES Y TELECOMUNICACIONES,21,GASTOS EN PERSONAL,43.336.982,43.476.412
371,2021,Mayo,PESOS,19,MINISTERIO DE TRANSPORTES Y TELECOMUNICACIONES,22,BIENES Y SERVICIOS DE CONSUMO,10.874.173,10.874.173
372,2021,Mayo,PESOS,19,MINISTERIO DE TRANSPORTES Y TELECOMUNICACIONES,23,PRESTACIONES DE SEGURIDAD SOCIAL,0,102.157
373,2021,Mayo,PESOS,19,MINISTERIO DE TRANSPORTES Y TELECOMUNICACIONES,24,TRANSFERENCIAS CORRIENTES,897.180.380,897.022.141
374,2021,Mayo,PESOS,19,MINISTERIO DE TRANSPORTES Y TELECOMUNICACIONES,25,INTEGROS AL FISCO,145.013,798.394
375,2021,Mayo,PESOS,19,MINISTERIO DE TRANSPORTES Y TELECOMUNICACIONES,29,ADQUISICIÓN DE ACTIVOS NO FINANCIEROS,1.203.383,1.203.383
376,2021,Mayo,PESOS,19,MINISTERIO DE TRANSPORTES Y TELECOMUNICACIONES,30,ADQUISICIÓN DE ACTIVOS FINANCIEROS,10.042.996,0
377,2021,Mayo,PESOS,19,MINISTERIO DE TRANSPORTES Y TELECOMUNICACIONES,31,INICIATIVAS DE INVERSIÓN,42.316.721,48.431.417
378,2021,Mayo,PESOS,19,MINISTERIO DE TRANSPORTES Y TELECOMUNICACIONES,32,PRÉSTAMOS,8.803.214,8.803.214
379,2021,Mayo,PESOS,19,MINISTERIO DE TRANSPORTES Y TELECOMUNICACIONES,33,TRANSFERENCIAS DE CAPITAL,59.853.143,62.781.443
380,2021,Mayo,PESOS,19,MINISTERIO DE TRANSPORTES Y TELECOMUNICACIONES,34,SERVICIO DE LA DEUDA,9.000,40.624.882
381,2021,Mayo,PESOS,19,MINISTERIO DE TRANSPORTES Y TELECOMUNICACIONES,35,SALDO FINAL DE CAJA,9.000,1.009.000
382,2021,Mayo,PESOS,20,MINISTERIO SECRETARÍA GENERAL DE GOBIERNO,05,TRANSFERENCIAS CORRIENTES,4.404.487,4.404.487
383,2021,Mayo,PESOS,20,MINISTERIO SECRETARÍA GENERAL DE GOBIERNO,08,OTROS INGRESOS CORRIENTES,380.379,381.977
384,2021,Mayo,PESOS,20,MINISTERIO SECRETARÍA GENERAL DE GOBIERNO,09,APORTE FISCAL,26.028.020,25.590.480
385,2021,Mayo,PESOS,20,MINISTERIO SECRETARÍA GENERAL DE GOBIERNO,10,VENTA DE ACTIVOS NO FINANCIEROS,2.863,2.863
386,2021,Mayo,PESOS,20,MINISTERIO SECRETARÍA GENERAL DE GOBIERNO,12,RECUPERACIÓN DE PRÉSTAMOS,0,3.000
387,2021,Mayo,PESOS,20,MINISTERIO SECRETARÍA GENERAL DE GOBIERNO,15,SALDO INICIAL DE CAJA,3.020,9.988.768
388,2021,Mayo,PESOS,20,MINISTERIO SECRETARÍA GENERAL DE GOBIERNO,21,GASTOS EN PERSONAL,13.768.664,13.761.492
389,2021,Mayo,PESOS,20,MINISTERIO SECRETARÍA GENERAL DE GOBIERNO,22,BIENES Y SERVICIOS DE CONSUMO,3.769.794,3.769.794
390,2021,Mayo,PESOS,20,MINISTERIO SECRETARÍA GENERAL DE GOBIERNO,23,PRESTACIONES DE SEGURIDAD SOCIAL,0,24.760
391,2021,Mayo,PESOS,20,MINISTERIO SECRETARÍA GENERAL DE GOBIERNO,24,TRANSFERENCIAS CORRIENTES,12.295.433,12.295.433
392,2021,Mayo,PESOS,20,MINISTERIO SECRETARÍA GENERAL DE GOBIERNO,29,ADQUISICIÓN DE ACTIVOS NO FINANCIEROS,656.173,656.173
393,2021,Mayo,PESOS,20,MINISTERIO SECRETARÍA GENERAL DE GOBIERNO,34,SERVICIO DE LA DEUDA,325.705,9.860.923
394,2021,Mayo,PESOS,20,MINISTERIO SECRETARÍA GENERAL DE GOBIERNO,35,SALDO FINAL DE CAJA,3.000,3.000
395,2021,Mayo,PESOS,21,MINISTERIO DE DESARROLLO SOCIAL Y FAMILIA,05,TRANSFERENCIAS CORRIENTES,2.444.286,2.444.286
396,2021,Mayo,PESOS,21,MINISTERIO DE DESARROLLO SOCIAL Y FAMILIA,08,OTROS INGRESOS CORRIENTES,1.442.001,1.475.700
397,2021,Mayo,PESOS,21,MINISTERIO DE DESARROLLO SOCIAL Y FAMILIA,09,APORTE FISCAL,755.081.939,796.677.713
398,2021,Mayo,PESOS,21,MINISTERIO DE DESARROLLO SOCIAL Y FAMILIA,10,VENTA DE ACTIVOS NO FINANCIEROS,0,10
399,2021,Mayo,PESOS,21,MINISTERIO DE DESARROLLO SOCIAL Y FAMILIA,12,RECUPERACIÓN DE PRÉSTAMOS,104.598,803.191
400,2021,Mayo,PESOS,21,MINISTERIO DE DESARROLLO SOCIAL Y FAMILIA,13,TRANSFERENCIAS PARA GASTOS DE CAPITAL,0,1.544.220
401,2021,Mayo,PESOS,21,MINISTERIO DE DESARROLLO SOCIAL Y FAMILIA,15,SALDO INICIAL DE CAJA,11.020,56.198.696
402,2021,Mayo,PESOS,21,MINISTERIO DE DESARROLLO SOCIAL Y FAMILIA,21,GASTOS EN PERSONAL,79.679.012,83.706.913
403,2021,Mayo,PESOS,21,MINISTERIO DE DESARROLLO SOCIAL Y FAMILIA,22,BIENES Y SERVICIOS DE CONSUMO,14.534.111,18.841.621
404,2021,Mayo,PESOS,21,MINISTERIO DE DESARROLLO SOCIAL Y FAMILIA,23,PRESTACIONES DE SEGURIDAD SOCIAL,15.536,181.839
405,2021,Mayo,PESOS,21,MINISTERIO DE DESARROLLO SOCIAL Y FAMILIA,24,TRANSFERENCIAS CORRIENTES,537.891.693,543.828.548
406,2021,Mayo,PESOS,21,MINISTERIO DE DESARROLLO SOCIAL Y FAMILIA,25,INTEGROS AL FISCO,0,5.902.000
407,2021,Mayo,PESOS,21,MINISTERIO DE DESARROLLO SOCIAL Y FAMILIA,26,OTROS GASTOS CORRIENTES,0,6.494
408,2021,Mayo,PESOS,21,MINISTERIO DE DESARROLLO SOCIAL Y FAMILIA,29,ADQUISICIÓN DE ACTIVOS NO FINANCIEROS,1.767.135,2.461.429
409,2021,Mayo,PESOS,21,MINISTERIO DE DESARROLLO SOCIAL Y FAMILIA,31,INICIATIVAS DE INVERSIÓN,864.949,864.949
410,2021,Mayo,PESOS,21,MINISTERIO DE DESARROLLO SOCIAL Y FAMILIA,33,TRANSFERENCIAS DE CAPITAL,118.826.427,121.052.427
411,2021,Mayo,PESOS,21,MINISTERIO DE DESARROLLO SOCIAL Y FAMILIA,34,SERVICIO DE LA DEUDA,5.504.981,82.296.503
412,2021,Mayo,PESOS,21,MINISTERIO DE DESARROLLO SOCIAL Y FAMILIA,35,SALDO FINAL DE CAJA,0,1.093
413,2021,Mayo,PESOS,22,MINISTERIO SECRETARÍA GENERAL DE LA PRESIDENCIA DE LA REPÚBLICA,08,OTROS INGRESOS CORRIENTES,36.685,49.766
414,2021,Mayo,PESOS,22,MINISTERIO SECRETARÍA GENERAL DE LA PRESIDENCIA DE LA REPÚBLICA,09,APORTE FISCAL,21.821.317,23.121.736
415,2021,Mayo,PESOS,22,MINISTERIO SECRETARÍA GENERAL DE LA PRESIDENCIA DE LA REPÚBLICA,10,VENTA DE ACTIVOS NO FINANCIEROS,0,3.500
416,2021,Mayo,PESOS,22,MINISTERIO SECRETARÍA GENERAL DE LA PRESIDENCIA DE LA REPÚBLICA,12,RECUPERACIÓN DE PRÉSTAMOS,30,30
417,2021,Mayo,PESOS,22,MINISTERIO SECRETARÍA GENERAL DE LA PRESIDENCIA DE LA REPÚBLICA,15,SALDO INICIAL DE CAJA,1.050,554.616
418,2021,Mayo,PESOS,22,MINISTERIO SECRETARÍA GENERAL DE LA PRESIDENCIA DE LA REPÚBLICA,21,GASTOS EN PERSONAL,15.649.360,15.919.870
419,2021,Mayo,PESOS,22,MINISTERIO SECRETARÍA GENERAL DE LA PRESIDENCIA DE LA REPÚBLICA,22,BIENES Y SERVICIOS DE CONSUMO,3.228.414,4.090.821
420,2021,Mayo,PESOS,22,MINISTERIO SECRETARÍA GENERAL DE LA PRESIDENCIA DE LA REPÚBLICA,23,PRESTACIONES DE SEGURIDAD SOCIAL,0,60.488
421,2021,Mayo,PESOS,22,MINISTERIO SECRETARÍA GENERAL DE LA PRESIDENCIA DE LA REPÚBLICA,24,TRANSFERENCIAS CORRIENTES,1.953.697,1.953.697
422,2021,Mayo,PESOS,22,MINISTERIO SECRETARÍA GENERAL DE LA PRESIDENCIA DE LA REPÚBLICA,29,ADQUISICIÓN DE ACTIVOS NO FINANCIEROS,171.900,375.311
423,2021,Mayo,PESOS,22,MINISTERIO SECRETARÍA GENERAL DE LA PRESIDENCIA DE LA REPÚBLICA,33,TRANSFERENCIAS DE CAPITAL,854.661,854.661
424,2021,Mayo,PESOS,22,MINISTERIO SECRETARÍA GENERAL DE LA PRESIDENCIA DE LA REPÚBLICA,34,SERVICIO DE LA DEUDA,1.050,474.800
425,2021,Mayo,PESOS,23,MINISTERIO PÚBLICO,08,OTROS INGRESOS CORRIENTES,2.385.017,2.385.017
426,2021,Mayo,PESOS,23,MINISTERIO PÚBLICO,09,APORTE FISCAL,199.545.855,197.662.030
427,2021,Mayo,PESOS,23,MINISTERIO PÚBLICO,15,SALDO INICIAL DE CAJA,10,2.091.891
428,2021,Mayo,PESOS,23,MINISTERIO PÚBLICO,21,GASTOS EN PERSONAL,153.920.266,153.271.695
429,2021,Mayo,PESOS,23,MINISTERIO PÚBLICO,22,BIENES Y SERVICIOS DE CONSUMO,35.611.834,35.611.834
430,2021,Mayo,PESOS,23,MINISTERIO PÚBLICO,23,PRESTACIONES DE SEGURIDAD SOCIAL,349.981,349.981
431,2021,Mayo,PESOS,23,MINISTERIO PÚBLICO,24,TRANSFERENCIAS CORRIENTES,906.996,906.996
432,2021,Mayo,PESOS,23,MINISTERIO PÚBLICO,25,INTEGROS AL FISCO,0,510
433,2021,Mayo,PESOS,23,MINISTERIO PÚBLICO,29,ADQUISICIÓN DE ACTIVOS NO FINANCIEROS,1.954.760,1.954.760
434,2021,Mayo,PESOS,23,MINISTERIO PÚBLICO,31,INICIATIVAS DE INVERSIÓN,9.187.035,9.187.035
435,2021,Mayo,PESOS,23,MINISTERIO PÚBLICO,34,SERVICIO DE LA DEUDA,10,856.127
436,2021,Mayo,PESOS,24,MINISTERIO DE ENERGÍA,05,TRANSFERENCIAS CORRIENTES,3.367.198,3.367.198
437,2021,Mayo,PESOS,24,MINISTERIO DE ENERGÍA,06,RENTAS DE LA PROPIEDAD,341.711,341.711
438,2021,Mayo,PESOS,24,MINISTERIO DE ENERGÍA,07,INGRESOS DE OPERACIÓN,2.459.323,2.459.323
439,2021,Mayo,PESOS,24,MINISTERIO DE ENERGÍA,08,OTROS INGRESOS CORRIENTES,145.441,145.441
440,2021,Mayo,PESOS,24,MINISTERIO DE ENERGÍA,09,APORTE FISCAL,116.351.946,118.468.319
441,2021,Mayo,PESOS,24,MINISTERIO DE ENERGÍA,10,VENTA DE ACTIVOS NO FINANCIEROS,754,754
442,2021,Mayo,PESOS,24,MINISTERIO DE ENERGÍA,12,RECUPERACIÓN DE PRÉSTAMOS,0,138.000
443,2021,Mayo,PESOS,24,MINISTERIO DE ENERGÍA,15,SALDO INICIAL DE CAJA,1.343.806,2.161.555
444,2021,Mayo,PESOS,24,MINISTERIO DE ENERGÍA,21,GASTOS EN PERSONAL,37.573.730,37.517.730
445,2021,Mayo,PESOS,24,MINISTERIO DE ENERGÍA,22,BIENES Y SERVICIOS DE CONSUMO,12.837.011,12.837.011
446,2021,Mayo,PESOS,24,MINISTERIO DE ENERGÍA,23,PRESTACIONES DE SEGURIDAD SOCIAL,10,10
447,2021,Mayo,PESOS,24,MINISTERIO DE ENERGÍA,24,TRANSFERENCIAS CORRIENTES,60.462.605,60.462.605
448,2021,Mayo,PESOS,24,MINISTERIO DE ENERGÍA,25,INTEGROS AL FISCO,10,10
449,2021,Mayo,PESOS,24,MINISTERIO DE ENERGÍA,29,ADQUISICIÓN DE ACTIVOS NO FINANCIEROS,736.835,792.835
450,2021,Mayo,PESOS,24,MINISTERIO DE ENERGÍA,33,TRANSFERENCIAS DE CAPITAL,12.083.003,12.083.003
451,2021,Mayo,PESOS,24,MINISTERIO DE ENERGÍA,34,SERVICIO DE LA DEUDA,316.975,3.389.097
452,2021,Mayo,PESOS,25,MINISTERIO DEL MEDIO AMBIENTE,08,OTROS INGRESOS CORRIENTES,912.437,917.928
453,2021,Mayo,PESOS,25,MINISTERIO DEL MEDIO AMBIENTE,09,APORTE FISCAL,59.951.089,60.367.488
454,2021,Mayo,PESOS,25,MINISTERIO DEL MEDIO AMBIENTE,12,RECUPERACIÓN DE PRÉSTAMOS,0,1.010
455,2021,Mayo,PESOS,25,MINISTERIO DEL MEDIO AMBIENTE,15,SALDO INICIAL DE CAJA,3.000,3.021.368
456,2021,Mayo,PESOS,25,MINISTERIO DEL MEDIO AMBIENTE,21,GASTOS EN PERSONAL,36.512.849,36.505.685
457,2021,Mayo,PESOS,25,MINISTERIO DEL MEDIO AMBIENTE,22,BIENES Y SERVICIOS DE CONSUMO,6.266.418,6.266.418
458,2021,Mayo,PESOS,25,MINISTERIO DEL MEDIO AMBIENTE,23,PRESTACIONES DE SEGURIDAD SOCIAL,0,29.165
459,2021,Mayo,PESOS,25,MINISTERIO DEL MEDIO AMBIENTE,24,TRANSFERENCIAS CORRIENTES,13.048.430,13.001.987
460,2021,Mayo,PESOS,25,MINISTERIO DEL MEDIO AMBIENTE,26,OTROS GASTOS CORRIENTES,0,27.000
461,2021,Mayo,PESOS,25,MINISTERIO DEL MEDIO AMBIENTE,29,ADQUISICIÓN DE ACTIVOS NO FINANCIEROS,647.340,650.273
462,2021,Mayo,PESOS,25,MINISTERIO DEL MEDIO AMBIENTE,33,TRANSFERENCIAS DE CAPITAL,4.388.489,4.388.489
463,2021,Mayo,PESOS,25,MINISTERIO DEL MEDIO AMBIENTE,34,SERVICIO DE LA DEUDA,3.000,3.437.767
464,2021,Mayo,PESOS,25,MINISTERIO DEL MEDIO AMBIENTE,35,SALDO FINAL DE CAJA,0,1.010
465,2021,Mayo,PESOS,26,MINISTERIO DEL DEPORTE,05,TRANSFERENCIAS CORRIENTES,12.870.490,12.870.490
466,2021,Mayo,PESOS,26,MINISTERIO DEL DEPORTE,06,RENTAS DE LA PROPIEDAD,844,844
467,2021,Mayo,PESOS,26,MINISTERIO DEL DEPORTE,07,INGRESOS DE OPERACIÓN,1.851.876,1.851.876
468,2021,Mayo,PESOS,26,MINISTERIO DEL DEPORTE,08,OTROS INGRESOS CORRIENTES,1.168.052,1.173.961
469,2021,Mayo,PESOS,26,MINISTERIO DEL DEPORTE,09,APORTE FISCAL,127.380.764,127.043.987
470,2021,Mayo,PESOS,26,MINISTERIO DEL DEPORTE,10,VENTA DE ACTIVOS NO FINANCIEROS,9.483,9.483
471,2021,Mayo,PESOS,26,MINISTERIO DEL DEPORTE,12,RECUPERACIÓN DE PRÉSTAMOS,1.068.349,1.068.349
472,2021,Mayo,PESOS,26,MINISTERIO DEL DEPORTE,13,TRANSFERENCIAS PARA GASTOS DE CAPITAL,8.643.886,8.643.886
473,2021,Mayo,PESOS,26,MINISTERIO DEL DEPORTE,15,SALDO INICIAL DE CAJA,1.010,6.551.933
474,2021,Mayo,PESOS,26,MINISTERIO DEL DEPORTE,21,GASTOS EN PERSONAL,28.295.538,28.269.998
475,2021,Mayo,PESOS,26,MINISTERIO DEL DEPORTE,22,BIENES Y SERVICIOS DE CONSUMO,4.478.954,4.478.954
476,2021,Mayo,PESOS,26,MINISTERIO DEL DEPORTE,23,PRESTACIONES DE SEGURIDAD SOCIAL,0,31.449
477,2021,Mayo,PESOS,26,MINISTERIO DEL DEPORTE,24,TRANSFERENCIAS CORRIENTES,69.583.051,69.572.551
478,2021,Mayo,PESOS,26,MINISTERIO DEL DEPORTE,25,INTEGROS AL FISCO,350.265,350.265
479,2021,Mayo,PESOS,26,MINISTERIO DEL DEPORTE,29,ADQUISICIÓN DE ACTIVOS NO FINANCIEROS,476.601,487.101
480,2021,Mayo,PESOS,26,MINISTERIO DEL DEPORTE,30,ADQUISICIÓN DE ACTIVOS FINANCIEROS,8.643.886,0
481,2021,Mayo,PESOS,26,MINISTERIO DEL DEPORTE,31,INICIATIVAS DE INVERSIÓN,30.525.871,31.881.773
482,2021,Mayo,PESOS,26,MINISTERIO DEL DEPORTE,33,TRANSFERENCIAS DE CAPITAL,10.639.578,17.927.562
483,2021,Mayo,PESOS,26,MINISTERIO DEL DEPORTE,34,SERVICIO DE LA DEUDA,1.010,6.215.156
484,2021,Mayo,PESOS,27,MINISTERIO DE LA MUJER Y LA EQUIDAD DE GÉNERO,08,OTROS INGRESOS CORRIENTES,301.479,301.479
485,2021,Mayo,PESOS,27,MINISTERIO DE LA MUJER Y LA EQUIDAD DE GÉNERO,09,APORTE FISCAL,64.260.180,64.579.531
486,2021,Mayo,PESOS,27,MINISTERIO DE LA MUJER Y LA EQUIDAD DE GÉNERO,12,RECUPERACIÓN DE PRÉSTAMOS,920,125.558
487,2021,Mayo,PESOS,27,MINISTERIO DE LA MUJER Y LA EQUIDAD DE GÉNERO,15,SALDO INICIAL DE CAJA,2.900,987.559
488,2021,Mayo,PESOS,27,MINISTERIO DE LA MUJER Y LA EQUIDAD DE GÉNERO,21,GASTOS EN PERSONAL,16.315.393,16.310.655
489,2021,Mayo,PESOS,27,MINISTERIO DE LA MUJER Y LA EQUIDAD DE GÉNERO,22,BIENES Y SERVICIOS DE CONSUMO,3.849.818,3.849.818
490,2021,Mayo,PESOS,27,MINISTERIO DE LA MUJER Y LA EQUIDAD DE GÉNERO,24,TRANSFERENCIAS CORRIENTES,44.181.814,44.181.814
491,2021,Mayo,PESOS,27,MINISTERIO DE LA MUJER Y LA EQUIDAD DE GÉNERO,26,OTROS GASTOS CORRIENTES,0,4.738
492,2021,Mayo,PESOS,27,MINISTERIO DE LA MUJER Y LA EQUIDAD DE GÉNERO,29,ADQUISICIÓN DE ACTIVOS NO FINANCIEROS,215.554,215.554
493,2021,Mayo,PESOS,27,MINISTERIO DE LA MUJER Y LA EQUIDAD DE GÉNERO,34,SERVICIO DE LA DEUDA,2.900,1.431.548
494,2021,Mayo,PESOS,28,SERVICIO ELECTORAL,08,OTROS INGRESOS CORRIENTES,94.169,138.978
495,2021,Mayo,PESOS,28,SERVICIO ELECTORAL,09,APORTE FISCAL,93.907.690,87.502.580
496,2021,Mayo,PESOS,28,SERVICIO ELECTORAL,10,VENTA DE ACTIVOS NO FINANCIEROS,2.055,2.055
497,2021,Mayo,PESOS,28,SERVICIO ELECTORAL,15,SALDO INICIAL DE CAJA,10,17.779.835
498,2021,Mayo,PESOS,28,SERVICIO ELECTORAL,21,GASTOS EN PERSONAL,12.230.828,12.059.151
499,2021,Mayo,PESOS,28,SERVICIO ELECTORAL,22,BIENES Y SERVICIOS DE CONSUMO,4.917.558,4.917.558
500,2021,Mayo,PESOS,28,SERVICIO ELECTORAL,23,PRESTACIONES DE SEGURIDAD SOCIAL,0,242.146
501,2021,Mayo,PESOS,28,SERVICIO ELECTORAL,24,TRANSFERENCIAS CORRIENTES,76.691.463,80.089.342
502,2021,Mayo,PESOS,28,SERVICIO ELECTORAL,29,ADQUISICIÓN DE ACTIVOS NO FINANCIEROS,164.065,164.065
503,2021,Mayo,PESOS,28,SERVICIO ELECTORAL,34,SERVICIO DE LA DEUDA,10,7.951.186
504,2021,Mayo,PESOS,29,"MINISTERIO DE LAS CULTURAS, LAS ARTES Y EL PATRIMONIO",05,TRANSFERENCIAS CORRIENTES,359.826,671.684
505,2021,Mayo,PESOS,29,"MINISTERIO DE LAS CULTURAS, LAS ARTES Y EL PATRIMONIO",07,INGRESOS DE OPERACIÓN,384.312,384.312
506,2021,Mayo,PESOS,29,"MINISTERIO DE LAS CULTURAS, LAS ARTES Y EL PATRIMONIO",08,OTROS INGRESOS CORRIENTES,950.841,959.209
507,2021,Mayo,PESOS,29,"MINISTERIO DE LAS CULTURAS, LAS ARTES Y EL PATRIMONIO",09,APORTE FISCAL,208.996.304,208.712.371
508,2021,Mayo,PESOS,29,"MINISTERIO DE LAS CULTURAS, LAS ARTES Y EL PATRIMONIO",12,RECUPERACIÓN DE PRÉSTAMOS,83.387,83.387
509,2021,Mayo,PESOS,29,"MINISTERIO DE LAS CULTURAS, LAS ARTES Y EL PATRIMONIO",13,TRANSFERENCIAS PARA GASTOS DE CAPITAL,15.314.000,18.508.358
510,2021,Mayo,PESOS,29,"MINISTERIO DE LAS CULTURAS, LAS ARTES Y EL PATRIMONIO",15,SALDO INICIAL DE CAJA,1.880,9.313.893
511,2021,Mayo,PESOS,29,"MINISTERIO DE LAS CULTURAS, LAS ARTES Y EL PATRIMONIO",21,GASTOS EN PERSONAL,58.340.420,58.958.266
512,2021,Mayo,PESOS,29,"MINISTERIO DE LAS CULTURAS, LAS ARTES Y EL PATRIMONIO",22,BIENES Y SERVICIOS DE CONSUMO,20.721.996,20.779.690
513,2021,Mayo,PESOS,29,"MINISTERIO DE LAS CULTURAS, LAS ARTES Y EL PATRIMONIO",23,PRESTACIONES DE SEGURIDAD SOCIAL,944,55.718
514,2021,Mayo,PESOS,29,"MINISTERIO DE LAS CULTURAS, LAS ARTES Y EL PATRIMONIO",24,TRANSFERENCIAS CORRIENTES,115.021.891,127.432.959
515,2021,Mayo,PESOS,29,"MINISTERIO DE LAS CULTURAS, LAS ARTES Y EL PATRIMONIO",25,INTEGROS AL FISCO,18.828,25.656
516,2021,Mayo,PESOS,29,"MINISTERIO DE LAS CULTURAS, LAS ARTES Y EL PATRIMONIO",29,ADQUISICIÓN DE ACTIVOS NO FINANCIEROS,3.773.163,3.818.916
517,2021,Mayo,PESOS,29,"MINISTERIO DE LAS CULTURAS, LAS ARTES Y EL PATRIMONIO",30,ADQUISICIÓN DE ACTIVOS FINANCIEROS,15.314.000,0
518,2021,Mayo,PESOS,29,"MINISTERIO DE LAS CULTURAS, LAS ARTES Y EL PATRIMONIO",31,INICIATIVAS DE INVERSIÓN,1.823.502,5.051.878
519,2021,Mayo,PESOS,29,"MINISTERIO DE LAS CULTURAS, LAS ARTES Y EL PATRIMONIO",33,TRANSFERENCIAS DE CAPITAL,11.072.126,15.153.468
520,2021,Mayo,PESOS,29,"MINISTERIO DE LAS CULTURAS, LAS ARTES Y EL PATRIMONIO",34,SERVICIO DE LA DEUDA,1.840,7.354.823
521,2021,Mayo,PESOS,29,"MINISTERIO DE LAS CULTURAS, LAS ARTES Y EL PATRIMONIO",35,SALDO FINAL DE CAJA,1.840,1.840
522,2021,Mayo,PESOS,30,"MINISTERIO DE CIENCIA, TECNOLOGÍA, CONOCIMIENTO E INNOVACIÓN",05,TRANSFERENCIAS CORRIENTES,354.250,354.250
523,2021,Mayo,PESOS,30,"MINISTERIO DE CIENCIA, TECNOLOGÍA, CONOCIMIENTO E INNOVACIÓN",06,RENTAS DE LA PROPIEDAD,4.516,4.516
524,2021,Mayo,PESOS,30,"MINISTERIO DE CIENCIA, TECNOLOGÍA, CONOCIMIENTO E INNOVACIÓN",08,OTROS INGRESOS CORRIENTES,4.744.738,4.770.250
525,2021,Mayo,PESOS,30,"MINISTERIO DE CIENCIA, TECNOLOGÍA, CONOCIMIENTO E INNOVACIÓN",09,APORTE FISCAL,444.141.686,442.814.543
526,2021,Mayo,PESOS,30,"MINISTERIO DE CIENCIA, TECNOLOGÍA, CONOCIMIENTO E INNOVACIÓN",15,SALDO INICIAL DE CAJA,0,8.631.689
527,2021,Mayo,PESOS,30,"MINISTERIO DE CIENCIA, TECNOLOGÍA, CONOCIMIENTO E INNOVACIÓN",21,GASTOS EN PERSONAL,17.001.056,17.001.056
528,2021,Mayo,PESOS,30,"MINISTERIO DE CIENCIA, TECNOLOGÍA, CONOCIMIENTO E INNOVACIÓN",22,BIENES Y SERVICIOS DE CONSUMO,3.823.998,3.823.998
529,2021,Mayo,PESOS,30,"MINISTERIO DE CIENCIA, TECNOLOGÍA, CONOCIMIENTO E INNOVACIÓN",24,TRANSFERENCIAS CORRIENTES,375.110.868,404.763.518
530,2021,Mayo,PESOS,30,"MINISTERIO DE CIENCIA, TECNOLOGÍA, CONOCIMIENTO E INNOVACIÓN",25,INTEGROS AL FISCO,0,76.474
531,2021,Mayo,PESOS,30,"MINISTERIO DE CIENCIA, TECNOLOGÍA, CONOCIMIENTO E INNOVACIÓN",29,ADQUISICIÓN DE ACTIVOS NO FINANCIEROS,348.730,593.730
532,2021,Mayo,PESOS,30,"MINISTERIO DE CIENCIA, TECNOLOGÍA, CONOCIMIENTO E INNOVACIÓN",30,ADQUISICIÓN DE ACTIVOS FINANCIEROS,42.177.960,8.292.310
533,2021,Mayo,PESOS,30,"MINISTERIO DE CIENCIA, TECNOLOGÍA, CONOCIMIENTO E INNOVACIÓN",33,TRANSFERENCIAS DE CAPITAL,10.782.578,14.770.578
534,2021,Mayo,PESOS,30,"MINISTERIO DE CIENCIA, TECNOLOGÍA, CONOCIMIENTO E INNOVACIÓN",34,SERVICIO DE LA DEUDA,0,7.253.584
535,2021,Mayo,PESOS,50,TESORO PÚBLICO,01,IMPUESTOS,38.394.547.396,38.394.547.396
536,2021,Mayo,PESOS,50,TESORO PÚBLICO,05,TRANSFERENCIAS CORRIENTES,51.336.050,470.186.206
537,2021,Mayo,PESOS,50,TESORO PÚBLICO,06,RENTAS DE LA PROPIEDAD,276.761.465,282.663.465
538,2021,Mayo,PESOS,50,TESORO PÚBLICO,07,INGRESOS DE OPERACIÓN,22.857.735,22.857.735
539,2021,Mayo,PESOS,50,TESORO PÚBLICO,08,OTROS INGRESOS CORRIENTES,1.261.007.513,1.261.007.513
540,2021,Mayo,PESOS,50,TESORO PÚBLICO,09,APORTE FISCAL,451.824.336,362.855.912
541,2021,Mayo,PESOS,50,TESORO PÚBLICO,10,VENTA DE ACTIVOS NO FINANCIEROS,223.552,223.552
542,2021,Mayo,PESOS,50,TESORO PÚBLICO,11,VENTA DE ACTIVOS FINANCIEROS,4.307.349.033,9.287.871.445
543,2021,Mayo,PESOS,50,TESORO PÚBLICO,12,RECUPERACIÓN DE PRÉSTAMOS,20,20
544,2021,Mayo,PESOS,50,TESORO PÚBLICO,13,TRANSFERENCIAS PARA GASTOS DE CAPITAL,87.457.108,134.044.535
545,2021,Mayo,PESOS,50,TESORO PÚBLICO,14,ENDEUDAMIENTO,15.320.000.000,15.320.000.000
546,2021,Mayo,PESOS,50,TESORO PÚBLICO,15,SALDO INICIAL DE CAJA,5.000.000,5.000.000
547,2021,Mayo,PESOS,50,TESORO PÚBLICO,22,BIENES Y SERVICIOS DE CONSUMO,150.010,150.010
548,2021,Mayo,PESOS,50,TESORO PÚBLICO,23,PRESTACIONES DE SEGURIDAD SOCIAL,295.642.821,295.642.821
549,2021,Mayo,PESOS,50,TESORO PÚBLICO,24,TRANSFERENCIAS CORRIENTES,5.698.493.896,7.436.290.549
550,2021,Mayo,PESOS,50,TESORO PÚBLICO,26,OTROS GASTOS CORRIENTES,20,20
551,2021,Mayo,PESOS,50,TESORO PÚBLICO,27,APORTE FISCAL LIBRE,40.150.328.428,40.842.020.449
552,2021,Mayo,PESOS,50,TESORO PÚBLICO,28,APORTE FISCAL PARA SERVICIO DE LA DEUDA,214.153.919,214.153.919
553,2021,Mayo,PESOS,50,TESORO PÚBLICO,30,ADQUISICIÓN DE ACTIVOS FINANCIEROS,2.103.393.706,1.524.254.412
554,2021,Mayo,PESOS,50,TESORO PÚBLICO,32,PRÉSTAMOS,10,1.505.461.010
555,2021,Mayo,PESOS,50,TESORO PÚBLICO,33,TRANSFERENCIAS DE CAPITAL,4.825.857.502,6.832.940.693
556,2021,Mayo,PESOS,50,TESORO PÚBLICO,34,SERVICIO DE LA DEUDA,6.885.343.896,6.885.343.896
557,2021,Mayo,PESOS,50,TESORO PÚBLICO,35,SALDO FINAL DE CAJA,5.000.000,5.000.000
